,City,Cloudiness,Country,Date,Humidity,Max Temp,Wind Speed,lats,lngs
0,albany,75.0,US,1551980013,41.0,28.0,4.7,-81.75400837677043,103.18105517426335
1,zhanatas,,,,,,,45.76076334419349,70.02251550904376
2,cidreira,36.0,BR,1551980256,98.0,80.85,3.71,-36.41692639877609,-45.13625803556522
3,kapaa,75.0,US,1551979804,64.0,71.6,20.8,35.19452927787701,-171.8695126076645
4,piranhas,44.0,BR,1551980256,69.0,86.39,7.07,-16.473240678522643,-51.51776040799726
5,santa fe,68.0,AR,1551980186,55.0,95.0,4.0,-31.45841541457839,-60.51694945524092
6,hobart,75.0,AU,1551980115,44.0,60.8,14.99,-59.36537564186026,146.18144486704887
7,lorengau,64.0,PG,1551980257,100.0,82.2,6.17,15.308257441989497,150.98285927084385
8,bredasdorp,88.0,ZA,1551979872,87.0,60.8,5.82,-69.14361789954796,22.77014733599026
9,qaanaaq,0.0,GL,1551980258,75.0,-4.07,3.6,82.68238712861745,-83.15098829132114
10,ushuaia,90.0,AR,1551979800,86.0,39.2,23.04,-80.6558212390791,-40.498924147455796
11,hilo,75.0,US,1551980251,64.0,73.99,8.05,2.1095270576567913,-152.59919353831577
12,mayo,75.0,CA,1551978000,74.0,-22.01,3.38,63.9597875410189,-137.6026400031636
13,punta arenas,40.0,CL,1551979999,50.0,51.8,29.97,-68.78580444966005,-112.30360239468872
14,dubbo,0.0,AU,1551978000,72.0,62.6,13.87,-30.347608522294664,145.19282024799196
15,bilibino,68.0,RU,1551980259,77.0,-1.82,2.37,72.2336075446866,166.8722281683543
16,uige,32.0,AO,1551980259,63.0,77.25,3.6,-6.616383029762545,15.29988508143353
17,las palmas,75.0,PE,1551978000,290.0,62.6,3.36,29.187794458512684,-14.981253297904829
18,mataura,64.0,NZ,1551980133,84.0,45.8,3.94,-48.32614802877073,-152.71284819154556
19,severo-kurilsk,32.0,RU,1551980260,100.0,24.92,11.77,35.528302941651276,167.73803974880138
20,elizabeth city,1.0,US,1551980151,41.0,46.4,5.17,34.52421360375422,-72.3880754486144
21,bathsheba,75.0,BB,1551978000,78.0,78.8,19.46,13.546060493238969,-54.125976320665785
22,luderitz,0.0,NA,1551980261,67.0,65.01,23.51,-31.643301123351776,6.672427741318103
23,hermanus,88.0,ZA,1551979872,96.0,59.0,1.01,-55.29643166911978,6.434667457789459
24,itarema,76.0,BR,1551980261,100.0,79.59,5.5,5.370259300094659,-35.709164418580315
25,maltahohe,0.0,NA,1551980262,14.0,84.77,12.88,-24.526120014025366,16.40524306771249
26,tasiilaq,40.0,GL,1551977400,48.0,17.6,4.7,65.96284479039352,-41.022435724845565
27,busselton,80.0,AU,1551980115,62.0,66.99,12.66,-75.79002234392017,85.31100398922536
28,tuktoyaktuk,90.0,CA,1551978000,92.0,14.0,9.17,69.89045554958898,-130.07851982500733
29,ostrovnoy,0.0,RU,1551980263,84.0,11.78,19.48,69.5123580367908,39.096545744148415
30,guerrero negro,92.0,MX,1551980263,74.0,63.98,4.83,26.111263081899082,-116.57277472072627
31,mar del plata,0.0,AR,1551980263,54.0,58.44,12.88,-58.55633325535182,-35.943468221705274
32,pisco,0.0,PE,1551978000,30.0,71.6,8.05,-22.667912194572096,-94.28875705527894
33,port alfred,100.0,ZA,1551980028,89.0,70.0,1.99,-85.07914839932141,56.55312471531127
34,avera,1.0,US,1551980146,23.0,57.0,4.7,-23.422541904037203,-153.07854241587782
35,havre-saint-pierre,75.0,CA,1551978000,42.0,8.6,19.46,54.04021456350398,-63.80489611435421
36,college,90.0,US,1551980153,100.0,26.6,3.83,67.898752286677,-148.2666789306044
37,ambunti,92.0,PG,1551980264,100.0,74.87,1.7,-4.2046080635357725,141.79814497844882
38,geraldton,20.0,CA,1551978000,47.0,12.2,17.22,-28.156550310073413,113.64983125292821
39,shaunavon,76.0,CA,1551980265,86.0,12.36,15.46,49.45501858721738,-108.99547100719478
40,barentsburg,,,,,,,78.30880383211013,3.588694850197953
41,marcona,,,,,,,-20.890350565771357,-81.8113611930491
42,new norfolk,75.0,AU,1551980241,44.0,60.8,14.99,-87.23979218266852,124.10384518901083
43,brownsville,90.0,US,1551979140,77.0,66.2,2.71,26.353794894214573,-96.89909165195363
44,hirara,100.0,JP,1551980266,100.0,63.57,20.49,24.9351519768812,125.71802077221207
45,kadykchan,,,,,,,62.3378420790595,146.89664830146535
46,taolanaro,,,,,,,-49.5337394588646,50.9269206861978
47,mahebourg,20.0,MU,1551980043,78.0,78.8,3.36,-28.370525856799688,62.39256728827925
48,bethel,90.0,US,1551978420,92.0,30.2,11.41,46.93250510040804,-167.13207118235005
49,east london,88.0,ZA,1551980177,100.0,74.91,18.03,-79.41673760536625,55.429173647298
50,kodiak,90.0,US,1551980223,68.0,37.0,20.8,46.55226156360277,-146.10453759704615
51,vadnagar,0.0,IN,1551980268,52.0,64.43,2.71,23.83716483918893,72.65768185453908
52,rikitea,56.0,PF,1551980268,97.0,80.76,17.02,-43.837040563747536,-111.00747919488319
53,jurado,,,,,,,6.325016825058981,-78.74995478320477
54,port hedland,8.0,AU,1551978000,74.0,87.8,11.41,-21.053240960855845,119.91321463648552
55,tuatapere,56.0,NZ,1551980269,100.0,49.67,3.15,-63.421340686652705,155.51767336164767
56,illoqqortoormiut,,,,,,,79.92207368625927,-20.744080280339546
57,den helder,75.0,NL,1551980099,81.0,48.99,29.97,53.44383184269472,4.110719671187752
58,torbay,90.0,CA,1551980013,85.0,19.0,33.33,34.2158877464293,-45.06435347301084
59,turkistan,,,,,,,42.7746087397509,68.3384778103252
60,puerto ayora,75.0,EC,1551978000,70.0,84.2,13.87,-8.866110884813125,-104.53071209807001
61,tabiauea,,,,,,,-0.39483165630350925,172.8631191563768
62,hukuntsi,80.0,BW,1551980270,57.0,77.3,2.93,-24.72795538468769,21.374230993188036
63,san carlos,56.0,VE,1551980271,40.0,95.03,5.61,-16.842389280599022,-64.12520866655207
64,nizhneyansk,,,,,,,89.27773138640288,136.61719727535132
65,burnie,92.0,AU,1551980187,86.0,57.99,4.0,-42.73312585181145,142.901245713359
66,trinidad,20.0,UY,1551978000,62.0,87.8,10.29,37.21444117575135,-105.20075384405207
67,meulaboh,20.0,ID,1551980272,100.0,79.64,3.6,-2.9631256323873743,90.28049157010844
68,fukuma,90.0,JP,1551980052,86.0,50.0,5.82,35.66942795737914,129.15333533350133
69,cape town,75.0,ZA,1551980253,77.0,63.0,23.04,-66.63319497426615,-14.266827058348554
70,aleksandrov gay,0.0,RU,1551980273,73.0,10.7,4.38,49.82081613840859,48.12741136429085
71,georgetown,75.0,GY,1551978000,70.0,87.8,9.17,-16.573524390870787,-22.886424167407938
72,butaritari,64.0,KI,1551980273,100.0,82.79,12.33,19.375025023055912,179.50908168089916
73,ecoporanga,68.0,BR,1551980199,66.0,85.67,9.31,-18.419885852247802,-41.063702310491834
74,atuona,0.0,PF,1551980136,99.0,82.47,18.81,-13.343056363016814,-140.08174085148875
75,boyuibe,20.0,BO,1551978000,52.0,87.8,6.93,-20.32152755659368,-62.5628779669339
76,palmer,0.0,AU,1551980226,54.0,64.0,7.4,56.71688678961374,-144.08838402592025
77,bambous virieux,20.0,MU,1551980043,78.0,78.8,3.36,-27.535494134121492,70.64128362506534
78,srednekolymsk,24.0,RU,1551980275,61.0,-13.38,2.37,68.94959155764238,154.21238271079085
79,inhambane,40.0,MZ,1551978000,78.0,84.0,8.52,-28.319008022742885,37.30169010768495
80,carnarvon,68.0,ZA,1551980275,22.0,78.96,9.75,-30.090419491948282,93.58002110947217
81,santa cruz,90.0,US,1551980262,87.0,54.0,3.36,7.226038867430248,-91.29582645268238
82,bukama,20.0,CD,1551980278,91.0,70.73,2.93,-9.430489317515438,25.40323981569682
83,yarmouth,20.0,GB,1551980265,66.0,50.0,21.92,40.21399973528449,-66.16107436215802
84,umaria,0.0,IN,1551980278,67.0,55.11,2.93,23.436597533481176,80.67125034897924
85,cherskiy,0.0,RU,1551980278,25.0,-17.21,2.37,72.10524965127246,163.32353092430623
86,chuy,0.0,UY,1551980279,79.0,87.42,7.74,-47.982937913559546,-34.5989854295633
87,sitka,32.0,US,1551979820,66.0,37.99,11.99,54.14684047998617,-136.89048446424863
88,matara,40.0,PE,1551978000,71.0,57.2,4.7,2.8368564382728323,80.97295235564354
89,karauli,0.0,IN,1551980280,49.0,59.52,3.49,26.4216112814552,76.996653406046
90,boo,68.0,NG,1551980280,57.0,86.03,6.62,58.610462322056776,19.001279858546354
91,catuday,12.0,PH,1551980280,94.0,77.75,4.61,17.517388016561313,118.11214058588553
92,luau,0.0,CD,1551980280,92.0,69.92,1.14,-10.139129491856693,23.46808288717179
93,port elizabeth,90.0,US,1551980256,47.0,37.99,19.46,-83.03338083135037,33.866176799622906
94,lavrentiya,80.0,RU,1551980281,97.0,18.39,23.73,75.70983782591466,-170.47520059830723
95,sao joao da barra,40.0,BR,1551978000,55.0,89.6,11.41,-32.57444257707448,-22.12785613050133
96,yellowknife,20.0,CA,1551980280,77.0,6.01,2.24,63.909353119042834,-109.47371409684612
97,barrow,20.0,AR,1551980282,32.0,82.88,10.76,73.68250806818946,-154.1056516346968
98,askarovo,0.0,RU,1551978000,47.0,15.8,20.13,53.35862166721313,58.41512528636852
99,pangoa,36.0,PE,1551980282,80.0,78.2,2.93,-12.091784044351911,-72.15713039558302
100,kruisfontein,92.0,ZA,1551980282,92.0,69.02,15.57,-77.51216814794975,28.093488973640575
101,ketchikan,1.0,US,1551977760,64.0,33.8,5.82,56.01265585634849,-131.44799216257587
102,berlevag,75.0,NO,1551977400,68.0,24.8,19.46,74.01103849112187,29.73935420225456
103,samusu,,,,,,,-3.2421212338744,-163.90344218846468
104,namioka,8.0,JP,1551980133,74.0,30.99,1.01,40.832372459334124,140.63207130926077
105,kawalu,64.0,ID,1551980284,93.0,64.56,1.14,-12.916713548099395,107.47528347218048
106,umzimvubu,,,,,,,-33.4232282502945,30.359240051823633
107,portland,90.0,US,1551980018,86.0,41.0,3.36,-47.45706672665185,135.8999721116383
108,nikolskoye,90.0,RU,1551980216,92.0,30.2,13.42,39.30773110961121,174.47500602104526
109,tabou,0.0,CI,1551980285,100.0,82.2,13.0,-0.38455405376092244,-5.50667444912898
110,caravelas,24.0,BR,1551980285,99.0,84.99,10.65,-18.54325385521635,-33.83476723939097
111,hornepayne,0.0,CA,1551980286,55.0,11.55,10.2,49.12835871263076,-84.95172708304355
112,morant bay,20.0,JM,1551978000,51.0,86.0,4.7,16.276722572693814,-75.75321582958492
113,vallenar,0.0,CL,1551980286,70.0,74.55,2.93,-27.208194819525303,-74.81362083942282
114,san carlos de bariloche,40.0,AR,1551978000,58.0,55.4,19.46,-42.74096376868998,-69.73225978808699
115,kumluca,0.0,TR,1551980287,76.0,35.0,0.58,36.52679262917542,30.39300297957675
116,nabire,92.0,ID,1551980287,96.0,67.49,2.15,-4.591733087318147,138.02692181510366
117,westport,20.0,IE,1551980284,70.0,48.99,13.87,-41.27973958376174,171.01171953690454
118,vaini,0.0,IN,1551980287,57.0,65.33,3.49,-85.66633361324291,-170.34217010045916
119,amderma,,,,,,,81.77863598201935,63.82675739862378
120,faanui,64.0,PF,1551980288,96.0,84.9,19.04,-3.2926464835373253,-157.82081365335196
121,naze,75.0,NG,1551978000,59.0,91.4,3.36,29.888356089043384,126.28774213565003
122,port macquarie,90.0,AU,1551980045,88.0,64.99,5.82,-35.62553524279926,160.48166574154692
123,murmashi,0.0,RU,1551978000,66.0,15.8,6.71,69.37135125588091,32.20141123318203
124,saint-philippe,1.0,CA,1551980254,51.0,17.01,12.75,-40.84481680547353,61.0740773132722
125,thompson,20.0,CA,1551978000,52.0,15.8,17.22,78.93025174578622,-97.8960246490166
126,ancud,75.0,CL,1551978000,54.0,57.2,11.41,-40.34859475484513,-94.45894949109166
127,alofi,20.0,NU,1551974400,94.0,69.8,2.24,-28.73440738041809,-167.34512858533134
128,nizwa,0.0,OM,1551980290,30.0,63.3,7.18,22.919560985572886,56.156042965493015
129,latung,88.0,ID,1551980290,96.0,72.44,3.38,5.365978848575509,120.97758122856226
130,lompoc,92.0,US,1551980184,81.0,59.0,3.36,28.22071002290845,-127.29839579765127
131,priekule,100.0,LV,1551977400,93.0,44.6,9.17,56.56596058278228,21.68176397030473
132,wangou,0.0,CN,1551980291,61.0,10.47,3.04,42.091650720221764,126.87758879829721
133,lagoa,40.0,PT,1551979928,63.0,60.8,12.75,50.248200283064875,-26.4947334337416
134,tiksi,80.0,RU,1551980292,79.0,5.97,8.86,82.85639600882607,122.46214850827607
135,boyolangu,92.0,ID,1551980292,83.0,70.14,7.74,-14.552138128856683,110.59129643159218
136,hami,24.0,CN,1551980292,71.0,36.75,7.52,45.26028109738951,93.61660766023755
137,kondinskoye,44.0,RU,1551980177,66.0,21.0,13.44,61.03780004534761,67.01661296969638
138,nizhnyaya omka,88.0,RU,1551980292,91.0,32.07,18.7,55.56175464710043,75.30662416166268
139,praia da vitoria,20.0,PT,1551979870,77.0,68.0,15.79,43.04017762457707,-25.632798064793946
140,abnub,0.0,EG,1551974400,39.0,64.4,17.22,27.204297389424752,30.58080364455185
141,milas,0.0,TR,1551979200,76.0,59.0,3.36,37.36831110105048,27.933087687625942
142,port hardy,20.0,CA,1551978000,64.0,35.6,3.36,42.419646865922914,-138.90309717719902
143,danshui,75.0,CN,1551980276,93.0,60.01,6.71,22.086795796937437,115.00169771958252
144,kungurtug,68.0,RU,1551980294,88.0,9.35,3.71,50.639902462034286,98.26707419339476
145,corinto,20.0,BR,1551980294,75.0,84.9,4.16,11.794490767964248,-88.15935782975951
146,ribeira grande,40.0,PT,1551978000,77.0,66.2,12.75,42.53032293707278,-31.39214777942135
147,mys shmidta,,,,,,,77.985128140358,-177.904520171101
148,upernavik,48.0,GL,1551980295,100.0,8.09,18.48,73.60327623170579,-57.773879667747394
149,longyearbyen,0.0,NO,1551979200,59.0,-0.41,8.05,86.59236512534389,21.5263024882519
150,sentyabrskiy,,,,,,,30.076457667952027,157.88828646546597
151,robertson,88.0,ZA,1551980295,95.0,53.04,2.71,-33.6148289310849,20.192119863530962
152,buarcos,75.0,PT,1551980149,82.0,57.2,10.29,40.80903888031722,-10.227962606412149
153,belushya guba,,,,,,,80.53534559028583,57.320187115141465
154,louisbourg,,,,,,,43.164191735915466,-59.282800650050575
155,airai,92.0,TL,1551980296,95.0,68.52,1.14,15.286235014557022,147.08067711828926
156,bowen,75.0,AU,1551980258,94.0,77.0,6.93,-18.42947043251209,149.94304840830648
157,rocha,0.0,UY,1551980140,52.0,91.7,10.09,-39.68795902936908,-50.16814151266618
158,sokolo,0.0,ML,1551980297,17.0,89.4,7.63,16.594803312813724,-5.7825070597084505
159,khatanga,44.0,RU,1551980129,50.0,-9.51,8.52,78.74344165976916,98.78681177327098
160,codrington,90.0,AU,1551980104,94.0,75.2,5.82,20.288791023012124,-56.615825938141754
161,bengkulu,,,,,,,-21.59613644859715,90.43460512076757
162,kahului,20.0,US,1551980038,77.0,68.0,14.99,33.256654508452115,-146.7938092060398
163,san quintin,48.0,PH,1551980298,79.0,69.02,3.6,27.15104184200321,-123.0673260036022
164,turinsk,32.0,RU,1551980298,70.0,18.39,11.65,57.86382945372159,63.387807024717716
165,lima,0.0,PE,1551979930,65.0,80.6,6.93,-14.905477761291834,-82.69828599520332
166,tonstad,75.0,NO,1551979999,93.0,44.6,2.24,58.85621627740426,6.531577315613163
167,pangody,80.0,RU,1551980299,84.0,15.02,12.44,67.14864458609213,73.97840215975418
168,jamestown,0.0,AU,1551980299,52.0,52.77,5.61,-24.41564820067805,-13.097354738654076
169,omigawa,20.0,JP,1551980076,86.0,43.0,4.7,35.806401744630264,140.665341468203
170,manta,12.0,RO,1551980300,71.0,42.83,1.59,-0.30178829410670005,-81.9129931170359
171,palasa,,,,,,,16.952043436914835,85.82445904802148
172,dikson,76.0,RU,1551980300,88.0,11.1,15.79,82.80872419574695,90.25365414725997
173,provideniya,68.0,RU,1551980300,100.0,20.64,32.91,60.64535973023223,-174.85489982429982
174,korla,,,,,,,39.28557129088145,85.70301151720076
175,beira,40.0,ES,1551980254,76.0,55.99,4.7,-20.622340565862913,35.70024468158687
176,puerto leguizamo,76.0,CO,1551980245,85.0,81.8,5.28,-1.2483327932163633,-74.73970547621715
177,boda,40.0,BD,1551976200,72.0,62.6,1.12,4.49767952125471,16.94377683950097
178,varna,0.0,BG,1551978000,70.0,46.4,9.17,43.204658248479205,28.014846600568234
179,swan hill,76.0,AU,1551980302,80.0,49.58,2.82,-34.61393882610044,143.09202404171924
180,ati,24.0,TD,1551980302,43.0,86.75,2.71,13.33165644896701,17.41243650330742
181,avarua,88.0,CK,1551979800,94.0,77.0,1.12,-39.96597973975969,-162.8148667929338
182,sao filipe,0.0,CV,1551980302,88.0,72.8,19.15,5.403272420343882,-26.488982381700623
183,narsaq,75.0,GL,1551977400,64.0,33.8,3.36,89.93533927946785,-57.32001623859209
184,boende,76.0,CD,1551980303,88.0,76.35,4.38,-1.2682358178751656,21.526115613937407
185,buraydah,0.0,SA,1551974400,34.0,64.4,4.7,26.075357061306022,42.509599473380916
186,jinchang,80.0,CN,1551980303,80.0,23.39,5.39,40.886057629062265,102.49965559947731
187,saint-augustin,0.0,FR,1551980169,50.0,55.4,17.22,57.01048827958044,-60.491959859130745
188,cheuskiny,,,,,,,62.614355540460735,72.39914158165536
189,lebu,48.0,ET,1551980304,97.0,51.51,2.59,-38.3908030209736,-80.66551727083524
190,palora,75.0,EC,1551978000,58.0,84.2,5.82,-1.6653683724096737,-78.09774050298141
191,palabuhanratu,,,,,,,-13.664818974364508,102.17176086892596
192,mocambique,,,,,,,-15.541901056738055,42.57486699806702
193,norman wells,75.0,CA,1551978000,84.0,-2.21,5.82,77.1429412359584,-119.56821169124416
194,victoria,75.0,BN,1551978000,94.0,80.01,1.12,28.49880596981579,-97.21887181800992
195,atar,0.0,MR,1551980305,16.0,82.79,9.64,22.69584916801358,-9.009673570347275
196,krasnoselkup,,,,,,,67.5895500217695,83.25818867107694
197,novyy nekouz,80.0,RU,1551980305,88.0,25.73,18.03,58.04972904042023,37.89669781196892
198,tateyama,80.0,JP,1551980106,82.0,42.01,3.94,31.659147465276277,140.92847772228401
199,san matias,75.0,HN,1551978000,47.0,75.2,13.87,-17.170007704198255,-58.74843917452597
200,kanniyakumari,56.0,IN,1551980202,99.0,83.24,10.98,4.781063781445752,76.90894110493889
201,shebunino,0.0,RU,1551978000,45.0,26.6,8.95,46.26190383561945,140.8268755809513
202,temaraia,,,,,,,1.5542917580379338,176.18618550025252
203,pevek,56.0,RU,1551980306,81.0,-5.06,3.83,84.08355626067188,164.57992231163286
204,hovd,90.0,NO,1551980164,86.0,30.0,6.93,42.60813299024613,102.7665378954951
205,haradok,0.0,BY,1551975360,64.0,35.6,20.13,55.086814072392116,30.305727817817
206,puro,56.0,PH,1551980307,91.0,70.41,3.15,18.132875538832494,119.07308399481394
207,los llanos de aridane,20.0,ES,1551979933,63.0,66.2,16.11,30.54843489966153,-23.21539946723354
208,russell,0.0,AR,1551978000,38.0,87.8,8.05,-31.364590237180664,176.37736736365184
209,rio claro,40.0,BR,1551980210,58.0,84.99,10.29,9.944210318507146,-59.88176448024356
210,santiago del estero,0.0,AR,1551980308,69.0,90.08,6.51,-26.70349757669628,-62.86692128665062
211,yumen,68.0,CN,1551980309,58.0,30.54,6.96,34.9608962298999,95.40964278767615
212,liverpool,75.0,GB,1551980295,76.0,48.2,20.8,43.735935832603786,-64.43062512051351
213,oktyabrskoye,75.0,RU,1551980118,86.0,30.99,20.13,63.468141765589905,67.42940712228514
214,baykit,88.0,RU,1551980309,76.0,16.59,10.31,65.08355522120897,94.84745813475871
215,cabo san lucas,20.0,MX,1551980118,57.0,88.0,5.82,3.8483507965029986,-121.28613974972131
216,ahipara,20.0,NZ,1551979536,100.0,66.99,9.98,-31.849759121164603,170.60341233030027
217,chokurdakh,20.0,RU,1551980310,0.0,-27.06,3.04,84.72332334010181,150.04097195458894
218,vawkavysk,88.0,BY,1551980310,74.0,46.25,13.78,53.14659860354348,24.88102647162563
219,saldanha,92.0,PT,1551980310,98.0,44.4,8.97,-41.171566695183095,-2.1814534381408635
220,baltasi,0.0,RU,1551980311,83.0,14.34,13.44,56.518055369048454,50.35361896869421
221,emerald,36.0,AU,1551979140,83.0,75.2,5.82,-25.211628130927366,146.5849673080591
222,vaitupu,,,,,,,-10.445273347524434,-175.288128030493
223,ayan,0.0,TR,1551980311,79.0,24.15,2.48,57.94776693769859,140.65685076524903
224,lugovoy,8.0,RU,1551980312,64.0,18.8,16.58,60.42702599247335,65.9769926578897
225,odienne,0.0,CI,1551980312,21.0,99.21,4.5,9.66167991466773,-8.153782233070046
226,porto nacional,40.0,BR,1551974400,66.0,87.8,4.7,-10.988426064182931,-48.70908126176448
227,castro,75.0,CL,1551978000,54.0,57.2,11.41,-43.298839418989616,-99.13492925628066
228,jasper,12.0,US,1551980132,29.0,57.0,3.6,52.32243235396646,-118.81773512105653
229,batagay-alyta,64.0,RU,1551980313,50.0,-5.24,2.82,66.33027548106924,129.50941932196616
230,brae,40.0,GB,1551979200,56.0,41.0,26.4,68.94487576808581,-0.4506954411144761
231,ilheus,40.0,BR,1551974400,70.0,87.8,9.17,-14.725328434565185,-38.82431855571508
232,margate,75.0,AU,1551980295,44.0,60.8,14.99,-36.0382894124574,34.57488129562111
233,taft,12.0,PH,1551980314,94.0,75.77,7.85,31.41367701037396,53.9350439319837
234,cheremshan,0.0,RU,1551980315,72.0,8.4,6.17,55.01288406631906,51.67935957312139
235,sham churasi,0.0,IN,1551980315,59.0,52.59,6.06,31.51992539994707,75.81727982137704
236,rawson,68.0,AR,1551980187,65.0,55.92,16.58,-44.14515683968441,-65.04365259672035
237,chimore,48.0,BO,1551980067,80.0,83.55,3.6,-16.393471993865944,-65.74436952185368
238,adre,0.0,TD,1551980315,22.0,80.09,9.75,14.192703855978934,22.99432955455984
239,pacific grove,90.0,US,1551980298,87.0,53.6,4.7,26.014356271839716,-134.4098271076318
240,dingle,48.0,PH,1551980316,86.0,75.14,10.76,50.774340578150685,-18.723262033489988
241,papetoai,20.0,PF,1551979995,78.0,80.6,3.36,-16.858247639292017,-149.83978524895286
242,dalvik,90.0,SE,1551980104,93.0,44.6,23.04,66.93358980146414,-18.999679650869552
243,calama,0.0,CL,1551979812,22.0,78.01,21.92,-21.69744423890208,-68.3912848061537
244,henties bay,0.0,NA,1551978184,82.0,70.0,11.01,-21.836529986072378,10.510992431526716
245,kaitangata,24.0,NZ,1551980237,93.0,44.01,4.0,-63.7813329791328,177.23432528893608
246,ucluelet,75.0,CA,1551979827,69.0,35.01,4.7,47.810946482106516,-127.10400079812123
247,lafia,0.0,NG,1551980318,54.0,87.65,2.15,8.85456698326233,9.492068272663204
248,huntersville,1.0,US,1551980013,22.0,53.01,3.94,35.36506141712346,-80.92214605452192
249,sabha,0.0,LY,1551980318,24.0,61.1,6.29,27.387378079688915,14.93007062514846
250,baghmara,0.0,IN,1551980319,46.0,64.07,8.52,21.49746821776938,89.27770486014941
251,neustadt,20.0,CH,1551980313,91.0,50.0,8.05,50.747896308005124,11.57817222900809
252,meyungs,,,,,,,14.702484803439106,133.30974889271357
253,saint george,0.0,GR,1551979200,67.0,57.2,8.05,30.01753775459538,-52.902916160293884
254,hithadhoo,8.0,MV,1551980320,100.0,83.55,2.59,-13.801161856877187,70.82612142298996
255,derbent,92.0,RU,1551980320,89.0,37.56,9.31,42.449639552355876,48.98581470635264
256,vila velha,75.0,BR,1551980314,69.0,79.0,4.7,-22.830596072420832,-33.6856094243241
257,buchanan,40.0,LR,1551978000,70.0,87.8,10.29,6.342599452970347,-9.896825793810365
258,sangar,68.0,RU,1551980321,78.0,3.81,3.71,65.25885487222857,129.51326654009517
259,camacha,75.0,PT,1551980143,93.0,64.4,14.99,33.70945747575985,-14.571267045570721
260,yulara,0.0,AU,1551978000,27.0,77.0,6.93,-26.864964920949575,132.3193416653961
261,karpathos,20.0,GR,1551979200,77.0,59.0,4.7,35.365375862512025,27.328435724457876
262,sarangani,56.0,PH,1551980322,97.0,80.49,11.77,3.8095558941921723,125.43369457841226
263,bela,24.0,PK,1551980322,78.0,55.7,3.15,25.766069747187174,66.08770445906478
264,pleasanton,90.0,US,1551980164,76.0,54.0,6.62,28.88996806075147,-98.95590763443245
265,wagar,20.0,US,1551980253,38.0,60.01,1.01,16.589659632157023,35.20520022612956
266,salalah,0.0,OM,1551977400,86.0,86.0,6.93,16.923931561947597,49.18801247378414
267,vila franca do campo,75.0,PT,1551978000,88.0,62.6,14.99,34.695345457640826,-24.389123698907895
268,ilulissat,75.0,GL,1551977400,37.0,35.6,14.99,76.90054306044979,-44.73980896689105
269,hazorasp,0.0,UZ,1551978000,64.0,37.4,6.93,39.921913804193224,60.308868105931396
270,gat,0.0,SN,1551978000,30.0,86.0,17.22,24.388769303731394,5.269264940086288
271,ponta do sol,12.0,BR,1551980324,76.0,82.65,4.94,17.881059496278027,-28.619450878074673
272,olafsvik,,,,,,,64.12194801451332,-30.09114210988068
273,kudahuvadhoo,68.0,MV,1551980324,100.0,83.46,5.84,2.846290462165058,67.10746880778282
274,kiama,90.0,AU,1551980227,72.0,66.99,6.93,-38.69921851961053,158.58631349616178
275,saint-pierre,64.0,FR,1551980225,87.0,51.8,26.4,40.437738641896004,-54.053746013996175
276,beringovskiy,92.0,RU,1551980326,94.0,22.89,25.64,58.063490729770535,175.36334460528428
277,petropavlovsk-kamchatskiy,75.0,RU,1551978000,85.0,21.2,2.24,52.33918895022882,159.791432410906
278,pathein,32.0,MM,1551980326,92.0,71.18,6.17,17.629964337711314,94.13667946324375
279,carballo,40.0,ES,1551980310,76.0,55.99,4.7,47.06484325909608,-10.699090666556202
280,tiarei,20.0,PF,1551979995,78.0,80.6,3.36,-13.402877924630687,-146.6471047738018
281,aklavik,75.0,CA,1551979200,85.0,15.8,3.36,71.66635802543163,-136.99460056584672
282,bagdarin,56.0,RU,1551980327,62.0,16.14,5.17,53.753385823363516,113.86214716655667
283,saint-georges,8.0,CA,1551979886,58.0,9.0,7.0,6.434368781939284,-46.936777173113484
284,heihe,0.0,RU,1551978000,53.0,21.2,2.59,50.74412019461343,125.93449190922217
285,mount isa,0.0,AU,1551978000,28.0,82.4,10.29,-18.762363419144336,137.13201558498957
286,santiago,40.0,CL,1551980043,34.0,82.99,5.82,-27.08854317231441,-56.9398114034165
287,domoni,,,,,,,-11.803750842939834,45.22166378839839
288,alekseyevsk,68.0,RU,1551980329,67.0,13.44,3.71,57.03410965831088,108.46975826055393
289,saskylakh,44.0,RU,1551980329,62.0,-13.88,3.04,78.51508056978048,109.7950179614956
290,cumaribo,,,,,,,3.5790308038787515,-69.78822441869994
291,hammerfest,75.0,NO,1551979200,85.0,24.8,9.17,71.75793636392186,23.55644606040306
292,dali,0.0,CN,1551980330,86.0,47.1,4.61,25.40174244230765,100.21578609714345
293,tonekabon,90.0,IR,1551978000,87.0,55.4,16.11,38.13399383772108,51.43113171632095
294,piopio,75.0,CL,1551978000,58.0,57.2,6.93,-38.61144664560155,175.39242318505285
295,tsihombe,,,,,,,-63.49700046642853,52.14937673961785
296,talara,20.0,PE,1551978000,290.0,62.6,5.82,-4.980810057569855,-85.36356491109898
297,cervo,56.0,BR,1551980331,75.0,79.05,5.61,46.361905324121494,-6.670194633379197
298,trairi,48.0,BR,1551980332,100.0,80.49,9.86,-1.7195062671481907,-38.779339963170116
299,wucheng,88.0,CN,1551980332,80.0,36.84,1.92,29.320565134534363,117.9943063548642
300,seoul,1.0,KR,1551979800,80.0,35.6,2.24,36.85291568887101,129.3738162656445
301,axim,0.0,GH,1551980332,92.0,85.26,9.98,-0.2856299220346159,-3.0053631592579677
302,muli,0.0,IN,1551980333,49.0,67.04,4.61,2.7977755323888687,74.7041918070814
303,kedrovyy,0.0,RU,1551978000,85.0,12.2,2.24,58.60217472742039,78.71692130957967
304,caucaia,75.0,BR,1551979692,69.0,79.0,4.7,-2.881945273025238,-38.31473614093872
305,kenai,90.0,US,1551980224,92.0,30.0,10.29,60.782040241904895,-152.7020078125788
306,takoradi,8.0,GH,1551980334,93.0,85.22,8.08,-3.330823383242034,0.4470460170837214
307,lucapa,12.0,AO,1551980334,82.0,71.94,4.5,-7.743310891684288,19.136890672837154
308,jacareacanga,20.0,BR,1551974400,63.0,91.4,6.93,-6.19843418871028,-58.58851369862896
309,egvekinot,20.0,RU,1551980334,74.0,-4.11,2.37,66.1818683178403,-177.59031812066192
310,san jose,44.0,PH,1551980240,96.0,65.69,1.92,8.511293890394285,-92.14158606783542
311,san onofre,20.0,CO,1551980336,77.0,88.59,7.74,10.00194581153464,-75.99980549776066
312,birao,8.0,CF,1551980336,22.0,82.92,9.19,11.176568355631616,24.174202070056452
313,iqaluit,90.0,CA,1551978000,68.0,-14.81,14.99,66.37385814888682,-71.89324804298475
314,yuzhno-yeniseyskiy,,,,,,,59.101763653919505,96.09460132928882
315,hutang,80.0,CN,1551980337,78.0,34.64,3.94,31.68695160192412,119.15183910986445
316,badiraguato,75.0,MX,1551980298,47.0,80.01,3.36,25.335287742568923,-106.96633391376103
317,marystown,56.0,CA,1551980292,100.0,21.99,13.0,40.24556732514384,-52.80262375983362
318,macaboboni,,,,,,,16.346883606331062,116.918291700606
319,kampong chhnang,0.0,KH,1551980338,77.0,74.42,4.94,11.907081524244845,104.14598952801379
320,opuwo,88.0,NA,1551980338,34.0,81.89,3.6,-19.71470808378156,13.23727669907936
321,zlobin,40.0,HR,1551980086,62.0,59.0,4.7,52.98356501720809,29.8837253429017
322,warrington,75.0,GB,1551980175,76.0,48.2,20.8,28.066785618237702,-87.51148851715477
323,bluff,36.0,AU,1551980339,86.0,72.44,9.42,-86.92860664144176,170.94997325922373
324,attawapiskat,,,,,,,54.60944849814436,-80.61012289599469
325,katobu,88.0,ID,1551980339,100.0,80.18,7.74,-6.041510060128942,124.53193187767914
326,basco,1.0,US,1551980275,92.0,30.99,12.75,19.708637530232565,121.53388471291936
327,mezen,0.0,RU,1551980340,77.0,17.18,7.52,69.88056928603106,46.67969149794456
328,havoysund,75.0,NO,1551979200,85.0,24.8,9.17,80.60217766293158,25.439138397099327
329,thabazimbi,20.0,ZA,1551980169,63.0,77.0,2.37,-24.657222463707384,27.058967679402826
330,bestobe,44.0,KZ,1551980340,88.0,26.94,13.56,52.20454494419769,74.05112149575089
331,berekum,44.0,GH,1551980340,85.0,83.15,4.72,7.555718544650375,-2.573104664572128
332,hasaki,20.0,JP,1551980306,86.0,39.2,4.7,27.958057346293344,156.278583381052
333,yeppoon,90.0,AU,1551978000,83.0,77.0,6.93,-23.203406565939403,150.99289305961793
334,demir hisar,0.0,MK,1551980342,66.0,41.07,2.15,41.17829883166155,21.14510673188613
335,qui nhon,,,,,,,14.777640367057387,111.3300473737267
336,port blair,40.0,IN,1551974400,83.0,80.6,1.12,12.564186139488399,92.09423299963663
337,arraial do cabo,0.0,BR,1551978000,70.0,89.6,19.46,-28.37337768930604,-41.31876822383484
338,tarko-sale,88.0,RU,1551980232,92.0,32.0,14.45,63.972015528146585,79.28931221846995
339,ulladulla,90.0,AU,1551979883,72.0,62.6,6.93,-41.549723199243985,158.28237590959748
340,richards bay,8.0,ZA,1551980343,65.0,79.28,10.09,-28.788009253604088,34.25363738369481
341,zaragoza,20.0,ES,1551978000,26.0,60.8,9.17,21.917738347610964,-100.65672917647291
342,dukat,8.0,RS,1551980344,49.0,49.13,3.04,64.25511252702017,155.16637520460358
343,nicoya,20.0,CR,1551979892,46.0,89.6,32.21,5.264422833969064,-88.86635983458397
344,huilong,76.0,CN,1551980345,95.0,39.0,4.05,33.85455088035613,124.99833230829688
345,yar-sale,76.0,RU,1551980345,87.0,6.2,12.77,69.73489297811943,69.30714277521929
346,bokhan,0.0,RU,1551980345,67.0,12.99,4.5,53.07525915725316,103.97612441379545
347,maumere,64.0,ID,1551980345,100.0,80.85,9.98,-8.620433100983746,122.42703255390586
348,aliganj,0.0,IN,1551980346,59.0,58.22,2.71,27.454608175228017,79.22348364715049
349,ankeny,1.0,US,1551980074,92.0,21.0,5.82,41.812342898222795,-93.71359567870067
350,chicama,75.0,PE,1551978000,73.0,77.0,11.41,-12.053785929975703,-85.89749649362751
351,gimli,0.0,CA,1551980072,71.0,10.0,4.0,52.172678014728376,-98.16273726974185
352,nouakchott,0.0,MR,1551978000,35.0,84.2,11.41,17.945799067951327,-15.940423992336264
353,pahrump,1.0,US,1551980104,50.0,61.0,12.75,38.332948608485225,-116.76817631936234
354,fairbanks,90.0,US,1551980046,100.0,24.01,3.83,61.46989370864475,-143.53137513329239
355,krasnaya gora,0.0,RU,1551978000,75.0,39.2,17.9,53.47683467400074,31.04440109631267
356,neiafu,20.0,TO,1551978000,94.0,77.0,14.0,-18.790000674181073,-172.81462469899205
357,zhangjiakou,0.0,CN,1551980348,74.0,15.87,2.59,42.85910739179866,116.22552005591274
358,taltal,0.0,CL,1551980348,68.0,72.17,4.5,-24.60270969192041,-72.80680796766508
359,namatanai,88.0,PG,1551980349,100.0,78.83,1.81,-0.5196873222525085,154.3523697087998
360,hambantota,0.0,LK,1551980349,100.0,80.49,4.5,4.607744610735438,82.92288463039455
361,suluq,0.0,LY,1551980349,47.0,54.84,6.29,31.531749159178062,19.73617892415234
362,kavieng,92.0,PG,1551980349,100.0,79.1,7.63,0.9496999408837752,151.59362925343572
363,ambilobe,92.0,MG,1551980350,94.0,76.17,4.94,-10.770915229140641,47.84203445621196
364,tomatlan,0.0,MX,1551980350,58.0,84.36,3.38,18.989574005459005,-108.4253145104301
365,port lincoln,12.0,AU,1551980351,100.0,59.03,2.37,-47.166902123714934,131.00123733670398
366,hun,75.0,BE,1551980325,81.0,46.99,19.46,28.12209662672356,15.768100561618922
367,luwuk,64.0,ID,1551980351,100.0,76.44,3.71,-1.3771968723097672,123.95800255614796
368,bundibugyo,32.0,UG,1551980352,92.0,63.17,1.36,0.5403421939810897,29.82606362771216
369,karratha,56.0,AU,1551980352,67.0,82.29,7.4,-17.047655490459675,112.32816687553708
370,riachao do jacuipe,44.0,BR,1551980352,75.0,82.56,5.95,-11.977762148914366,-39.263099926211055
371,whitehorse,20.0,CA,1551980075,75.0,-5.01,1.14,61.938500218962815,-134.82314580243627
372,dalianwan,0.0,CN,1551979745,90.0,44.01,10.98,38.64318721665967,121.94532573450488
373,barroualie,,,,,,,13.318137578265166,-62.33552363139577
374,joshimath,32.0,IN,1551980353,96.0,2.1,0.36,30.372506587844967,80.13254546093606
375,samalaeulu,,,,,,,-6.663469483681652,-168.77413320428448
376,hamilton,75.0,CA,1551980333,57.0,26.01,9.17,32.43456531033698,-70.22401524771664
377,sorata,32.0,BO,1551980354,80.0,65.69,3.04,-15.708662482609014,-68.51087710995877
378,rincon,1.0,US,1551980007,26.0,59.0,3.36,14.72778934551053,-67.57344849820933
379,flinders,90.0,AU,1551980345,72.0,66.99,6.93,-30.846614301750407,134.90982589518075
380,nome,90.0,US,1551980320,87.0,64.99,9.17,66.68438227372505,-164.47023202462006
381,morehead,1.0,US,1551979887,47.0,33.8,4.7,-10.864879642904512,140.95839564302543
382,fortuna,20.0,ES,1551980312,45.0,64.0,11.41,38.71199581610935,-136.12333593089966
383,broken hill,12.0,AU,1551974400,21.0,62.6,3.49,-26.82577571159551,142.57059547443924
384,ossora,44.0,RU,1551980355,80.0,13.13,5.28,59.98418413696987,164.44390637898448
385,kaeo,0.0,NZ,1551980285,95.0,66.99,6.4,-29.265872885087504,174.24489825322547
386,greenville,1.0,US,1551980121,21.0,54.0,3.36,41.81367199768155,-71.5368180481536
387,waipawa,88.0,NZ,1551979457,85.0,63.0,3.0,-46.42003595422189,177.1518342767206
388,canandaigua,90.0,US,1551980266,45.0,25.0,9.17,42.61307326016734,-77.24103279755474
389,husavik,0.0,CA,1551980072,71.0,10.0,4.0,81.95518751890242,-6.063897149219656
390,san luis,12.0,AR,1551980358,36.0,87.69,11.43,29.45024409696758,-113.72413690941855
391,quatre cocos,20.0,MU,1551980344,78.0,78.8,3.36,-17.461155276242224,69.58550202504108
392,maracacume,92.0,BR,1551980106,100.0,75.9,7.52,-1.8450984299389148,-46.1359873442598
393,lasa,20.0,CY,1551979933,82.0,60.8,10.29,32.33744493116295,90.83839117216809
394,clyde river,75.0,CA,1551978000,83.0,-4.01,17.22,69.8494144235475,-79.49715645885908
395,ulety,32.0,RU,1551980359,78.0,21.0,8.3,50.82190802174685,112.58387991124255
396,bustamante,0.0,MX,1551980359,42.0,70.05,4.05,26.61985914546176,-100.70476186799739
397,leningradskiy,48.0,RU,1551980359,70.0,1.34,8.52,84.52345614031131,178.77353924674082
398,los alamos,1.0,US,1551980355,32.0,62.01,13.87,36.08472534435796,-106.73918363512314
399,pemba,64.0,MZ,1551980360,100.0,79.28,5.61,-13.699254017535267,40.74664418183298
400,port augusta,0.0,AU,1551978000,27.0,62.6,6.93,-31.0532414722395,139.38689689522806
401,komsomolskiy,48.0,RU,1551980130,75.0,4.67,9.64,71.61645304012328,172.88313175955255
402,saint anthony,90.0,US,1551980129,89.0,37.99,10.29,54.145836960842644,-50.33222434632944
403,kushima,0.0,JP,1551979998,66.0,41.0,11.99,30.26833427495488,132.63731567791984
404,ako,12.0,JP,1551980268,72.0,41.0,3.0,34.84826924186751,134.17392072453242
405,goba,88.0,ET,1551980362,37.0,68.25,6.73,6.196793171306524,39.96468857078301
406,robertsport,0.0,LR,1551980362,95.0,83.64,8.63,6.560116630252011,-11.901505202096018
407,rungata,,,,,,,1.292054858770939,178.04185550131263
408,rochester,1.0,US,1551980198,61.0,19.99,6.93,43.04936031463751,-77.74191606824844
409,zaraza,24.0,VE,1551980363,38.0,95.61,8.63,8.538143841466194,-66.1085167386674
410,jalu,0.0,LY,1551980363,38.0,61.64,4.61,25.226226008666856,24.973496915016796
411,leninskiy,20.0,RU,1551980363,80.0,19.25,12.33,54.18849321783853,37.320826457134416
412,biak,64.0,ID,1551980363,100.0,76.44,3.71,-1.6429185510821611,138.15030521660623
413,klaksvik,12.0,FO,1551979200,69.0,33.8,8.05,76.30360787804051,-1.0116143929385828
414,helena,1.0,US,1551977580,85.0,10.4,3.15,46.43428738985111,-112.32045727946644
415,umm lajj,0.0,SA,1551980364,79.0,67.67,15.57,25.915245192881883,36.50904012281913
416,san patricio,64.0,PY,1551980364,85.0,81.84,3.94,13.343682778838613,-110.56407016403637
417,touros,75.0,BR,1551978000,74.0,84.2,13.87,4.022675016302401,-29.58576110477864
418,belaya gora,24.0,RU,1551980365,35.0,-24.23,3.04,70.56107111266277,143.72420553495732
419,esperance,75.0,TT,1551979866,52.0,87.8,13.87,-30.072622465110243,126.08392324247643
420,sao joao del rei,75.0,BR,1551974400,54.0,80.6,4.7,-20.930076238748896,-44.46934846610418
421,xining,92.0,CN,1551980366,87.0,22.85,3.49,35.394494217170944,99.13964833982226
422,hualmay,12.0,PE,1551980366,63.0,80.9,5.28,-21.27662594489469,-95.23942732928583
423,peniche,75.0,PT,1551980298,82.0,55.99,12.75,39.680870870542236,-11.598802494266636
424,alta floresta,75.0,BR,1551978000,62.0,87.8,3.36,-11.78069049239663,-56.91099345092337
425,langsa,24.0,ID,1551980367,83.0,69.65,2.37,5.191244339096585,98.45075071166161
426,port-gentil,40.0,GA,1551978000,83.0,84.2,11.41,0.10715402183039657,4.8520296547874295
427,port keats,24.0,AU,1551980367,76.0,82.11,7.74,-14.3530463364323,128.95825968336834
428,norfolk,1.0,US,1551980097,28.0,46.99,6.93,41.99973918490369,-97.58936518325714
429,uptar,24.0,RU,1551980367,53.0,-11.85,4.72,59.78895738024477,151.04858112125652
430,grand river south east,,,,,,,-23.685905568092707,68.5554058873104
431,manokwari,68.0,ID,1551980114,100.0,78.92,10.76,-2.1086040436334343,134.09228544481198
432,novovarshavka,36.0,RU,1551980368,86.0,28.34,16.46,54.087948952776884,74.4050459194884
433,manbij,0.0,SY,1551979200,42.0,45.0,17.22,35.540742835676554,39.32594050729844
434,portel,75.0,PT,1551978000,76.0,55.4,9.17,-1.8894190846633308,-50.92728199811515
435,smithers,75.0,CA,1551978000,85.0,12.2,2.24,58.556872651313114,-127.86530652886927
436,edgewater,1.0,US,1551980320,48.0,72.0,6.93,28.901600647695673,-80.66017152390069
437,namibe,20.0,AO,1551980369,100.0,79.19,10.65,-14.884502481488923,6.16212610540839
438,jiuquan,20.0,CN,1551980369,69.0,16.73,5.39,41.58496493247711,99.97831055242358
439,paytug,,,,,,,41.27638549766678,72.66725463496707
440,kieta,20.0,PG,1551980370,100.0,76.85,1.7,1.4328000879634857,161.05975003299147
441,ust-nera,32.0,RU,1551980370,42.0,-29.63,1.7,63.53223549078834,139.67893326898428
442,hulan ergi,0.0,CN,1551980370,68.0,23.12,5.06,47.374952637899185,123.7526273523793
443,deputatskiy,80.0,RU,1551980371,58.0,-13.61,2.93,73.11189850254883,140.98465990476916
444,lhuntshi,,,,,,,28.44644160410205,91.13106621336311
445,lingao,80.0,CN,1551980371,99.0,71.31,6.96,20.040034068500105,108.60063595558512
446,monrovia,40.0,LR,1551978000,70.0,87.8,10.29,4.878635643337162,-11.561810444581454
447,iquique,0.0,CL,1551978000,54.0,78.8,18.34,-21.04422548602841,-73.12456448895901
448,tutoia,40.0,BR,1551978000,49.0,91.4,16.11,0.3179668042195374,-41.77473470125284
449,contamana,0.0,PE,1551980372,59.0,91.74,2.59,-7.420136066982167,-74.68690069052005
450,ferai,,,,,,,40.60162514144628,26.235255198476693
451,tidore,,,,,,,0.2625109718788394,127.62174640579582
452,cururupu,92.0,BR,1551980372,96.0,77.48,5.17,5.266713736593928,-41.0418852881285
453,dillon,20.0,US,1551980110,85.0,37.99,3.36,45.345835375285304,-112.18842997036334
454,krutinka,76.0,RU,1551980373,94.0,33.87,18.59,56.30534175196817,71.12860480767145
455,vardo,75.0,US,1551980265,40.0,39.99,9.17,72.65019374943512,33.29389695170039
456,mecca,0.0,SA,1551980373,40.0,65.01,6.4,23.39648770014381,40.98855407648995
457,kokopo,68.0,PG,1551980374,100.0,76.04,1.14,-4.864822839524933,153.73522430328404
458,tessalit,0.0,ML,1551980374,11.0,79.64,8.75,20.728432941273553,2.017143280896562
459,zharkovskiy,92.0,RU,1551980374,89.0,34.41,23.73,55.573878042004765,32.351102130719
460,ginir,0.0,ET,1551980374,39.0,69.92,5.95,5.711429020719848,41.28955715473751
461,teguise,40.0,ES,1551978000,68.0,64.4,20.8,31.684023464510105,-13.138259495310649
462,baoying,32.0,CN,1551980375,92.0,31.04,4.83,33.04117235588693,119.03264454098439
463,zhigansk,76.0,RU,1551980375,69.0,9.21,5.06,65.98580679568616,124.78916933694893
464,kurilsk,64.0,RU,1551980375,100.0,19.88,15.79,43.25478082267304,147.77136530262743
465,lodwar,0.0,KE,1551980376,34.0,83.15,7.07,3.5493555158514027,35.74770714891088
466,xai-xai,0.0,MZ,1551980178,97.0,78.87,11.54,-28.060400293721706,35.57251219216681
467,ballina,20.0,IE,1551980290,70.0,46.99,13.87,-30.01524386650876,156.14185905594496
468,west wendover,1.0,US,1551977760,75.0,44.6,3.36,39.957343426743904,-113.99167183575756
469,ngukurr,,,,,,,-15.944286126363977,133.72821791500888
470,ambulu,92.0,ID,1551980376,100.0,76.22,9.64,-12.654246286149487,113.30939646463156
471,baiao,92.0,BR,1551980377,98.0,74.78,2.93,-2.477326500825612,-50.31414383544984
472,talnakh,80.0,RU,1551980377,85.0,16.05,18.7,69.31149186280405,93.51973091434161
473,itupeva,75.0,BR,1551980231,73.0,86.0,14.99,-17.4926192861312,-40.660948077956476
474,nikolsk,80.0,RU,1551980377,73.0,21.32,10.98,59.79824285568685,44.896688866252674
475,fomboni,80.0,KM,1551980378,100.0,81.35,1.48,-13.947536985238571,43.44635350282962
476,tocopilla,0.0,CL,1551980198,82.0,71.09,6.96,-22.263416154314157,-73.25890741095961
477,bom jesus,68.0,BR,1551980378,63.0,88.64,6.29,-9.720047134388125,-44.356730195875144
478,thiers,40.0,FR,1551980312,50.0,53.6,16.11,45.9564882169052,3.541394154216789
479,tahe,12.0,CN,1551980379,66.0,9.08,2.37,52.96015166817534,125.13709920470461
480,glace bay,75.0,CA,1551980156,36.0,18.0,21.92,46.044739587781095,-59.583629513323245
481,erenhot,8.0,CN,1551980379,55.0,21.36,10.76,44.92758236623075,112.3313076507693
482,constitucion,40.0,MX,1551979815,18.0,73.0,4.27,11.512844862194498,-126.76888780468008
483,gazimurskiy zavod,32.0,RU,1551980380,71.0,14.07,2.59,51.557470264707376,118.60778498456568
484,nanning,90.0,CN,1551978000,93.0,55.4,4.47,22.872054439356916,108.24916295606823
485,varhaug,75.0,NO,1551980105,93.0,44.6,2.24,58.19657974003283,4.569978206219105
486,paamiut,68.0,GL,1551980380,90.0,32.03,31.0,63.92896178292088,-49.611876669335345
487,lolua,,,,,,,-9.698122141452203,173.2465925748644
488,banjarmasin,68.0,ID,1551976200,94.0,77.0,3.36,-5.123536179669756,113.97064689315164
489,sayhat,0.0,SA,1551978000,42.0,68.0,5.82,26.19577738335859,50.08340124867283
490,khuzhir,20.0,RU,1551980381,71.0,22.85,9.98,54.519550482771905,107.46794165030065
491,toppenish,40.0,US,1551980189,92.0,36.0,5.61,45.540187742524495,-120.53329415227816
492,gubkinskiy,88.0,RU,1551980382,94.0,32.34,16.58,64.21079284975883,75.78664526830715
493,kaoma,64.0,ZM,1551980382,68.0,73.88,3.27,-14.95270571079024,25.331678431268614
494,price,90.0,US,1551980368,93.0,42.01,4.7,39.06585101565807,-111.4008550489958
495,the valley,20.0,AI,1551979823,57.0,82.4,16.11,19.617246117961912,-62.80585306554774
496,cayenne,40.0,GF,1551978000,55.0,87.8,11.41,14.773986437133473,-41.97298478171888
497,grootfontein,76.0,NA,1551980383,35.0,80.99,5.5,-20.150106337137487,18.78655411354137
498,awjilah,0.0,LY,1551980383,39.0,61.64,4.72,28.573304108524837,19.75870043673976
499,roald,75.0,NO,1551980103,100.0,34.0,18.34,69.6846327130601,1.911014143521271
500,rawannawi,,,,,,,3.4136090729016075,175.5281038866168
501,te anau,0.0,NZ,1551980384,96.0,36.44,1.7,-42.753222653083476,161.09619269568742
502,acobamba,92.0,PE,1551980384,74.0,53.18,2.37,-12.703341890611284,-74.72866536344917
503,sembe,,,,,,,2.317298569232534,14.41716175393384
504,oktyabrskiy,0.0,RU,1551979284,63.0,30.2,11.18,60.66036859078264,43.018132663110464
505,katsuura,20.0,JP,1551979484,56.0,44.6,18.34,29.63497047215928,145.20018481331516
506,tawzar,,,,,,,34.52367179865119,8.111858505233812
507,baie-comeau,20.0,CA,1551980159,32.0,15.01,12.75,50.51820912681791,-68.16018199522274
508,makakilo city,90.0,US,1551980158,68.0,71.6,3.36,14.143489812550825,-161.51603303923088
509,coahuayana,0.0,MX,1551980386,25.0,87.47,3.04,17.58271809995543,-103.69256320568513
510,slidell,90.0,US,1551980327,54.0,60.01,5.82,30.19036314317087,-89.70422655553836
511,la uribe,,,,,,,3.3711685735732857,-74.4480354458879
512,maoming,76.0,CN,1551980386,97.0,62.22,10.76,21.526215454216967,111.02198283265699
513,itaituba,20.0,BR,1551978000,66.0,87.8,3.04,-4.876005532798004,-55.585436111438085
514,presidente medici,36.0,BR,1551980321,74.0,84.68,5.17,-11.601191235714467,-62.350796393924725
515,makaha,75.0,US,1551980158,72.0,71.6,8.05,20.734891899496517,-159.31234065456388
516,minna,0.0,NG,1551978000,37.0,96.8,21.92,9.739698397274879,6.917135805163383
517,angoram,64.0,PG,1551980387,100.0,75.23,2.26,-3.192218846885737,145.64399190349377
518,chivay,68.0,PE,1551980388,63.0,54.66,2.04,-15.529427507426519,-71.2071102669281
519,areosa,75.0,PT,1551980303,82.0,57.0,6.93,41.696562894338086,-10.451696990237338
520,christchurch,92.0,NZ,1551979935,93.0,54.0,18.34,-49.14263229092701,178.38289187477966
521,north bend,90.0,US,1551980120,87.0,42.8,10.29,44.495046144239296,-129.9671465121609
522,tomakomai,40.0,JP,1551979815,57.0,24.01,9.17,42.063618636502014,141.69268243871977
523,tiznit,12.0,MA,1551980389,68.0,61.95,20.04,27.91434132356423,-10.810290753862944
524,karaidel,0.0,RU,1551980389,71.0,12.5,8.3,55.53635000093982,56.92543495524893
525,isla mujeres,40.0,MX,1551979994,57.0,77.0,8.05,21.933326850946315,-86.67991427241185
526,qasigiannguit,75.0,GL,1551977400,37.0,35.6,14.99,66.8292613931479,-50.22993633558079
527,shimoda,20.0,JP,1551980327,92.0,34.0,9.19,32.352992150537304,139.1122579724311
528,shirokiy,44.0,RU,1551980154,46.0,21.0,5.99,65.50318100575768,147.38478089472034
529,kalangala,20.0,UG,1551978000,73.0,75.2,1.81,-0.8014283892023428,32.14958444928678
530,sioux lookout,20.0,CA,1551978000,51.0,10.4,9.17,56.22270974934298,-91.4675390896656
531,maniitsoq,32.0,GL,1551980278,72.0,28.92,8.75,61.61662708736813,-58.080845375493524
532,marrakesh,40.0,MA,1551978000,62.0,59.0,2.24,30.3549858618656,-6.898274989702742
533,mentok,,,,,,,-2.136909000781472,105.70598957036759
534,viedma,24.0,AR,1551980293,33.0,73.25,17.69,-42.00289896540282,-60.12024192767639
535,mount gambier,88.0,AU,1551980391,73.0,51.38,3.49,-52.137361314975415,129.52567756220407
536,novoutkinsk,68.0,RU,1551980241,71.0,15.83,11.65,56.901022648295765,59.53181432816089
537,loiza,40.0,PR,1551980388,62.0,84.2,19.46,22.36996439240245,-65.25406467465443
538,ksenyevka,,,,,,,54.30625700637057,118.06194196094344
539,zeewolde,75.0,NL,1551980360,70.0,50.0,20.8,52.28020264719095,5.559201773176568
540,hunza,,,,,,,36.56214356055189,76.36792391387809
541,vilhena,75.0,BR,1551978000,74.0,82.4,9.17,-13.517722768708623,-60.236722891427206
542,kargat,64.0,RU,1551980393,86.0,27.3,16.8,56.22182150836821,80.38067040007172
543,artigas,44.0,BR,1551980393,78.0,82.11,16.13,-30.36506418466461,-56.71375806787175
544,racale,40.0,IT,1551980196,87.0,57.99,12.75,39.81531813222276,17.887837759334673
545,vestmannaeyjar,40.0,IS,1551978000,69.0,35.6,5.82,53.18421378891654,-20.412110118685717
546,sobolevo,92.0,RU,1551980393,83.0,37.56,22.95,54.38150113521752,152.55925749101306
547,aden,0.0,YE,1551980394,98.0,79.5,12.21,13.119616899273623,46.62903192853281
548,warqla,,,,,,,28.09414873467705,5.697868211924828
549,omboue,12.0,GA,1551980394,100.0,83.64,10.42,-5.014289735182601,3.8804581424712126
550,carandai,40.0,BR,1551978000,54.0,80.6,4.7,-20.84114566467086,-43.795872024175935
551,sungaipenuh,76.0,ID,1551980395,94.0,67.35,0.58,-4.414738999499448,98.21856209343008
552,asau,,,,,,,-9.473024292413683,179.47435466576633
553,anadyr,0.0,RU,1551980000,84.0,5.0,4.47,61.5026831665607,174.49680524282115
554,jurmala,75.0,LV,1551980249,93.0,39.2,11.41,57.62171835306361,23.671032795687722
555,sabzevar,76.0,IR,1551980395,61.0,37.11,0.81,35.446906497396085,57.97508518924042
556,acapulco,5.0,MX,1551977160,74.0,84.2,4.7,10.31460637094007,-103.33446207112642
557,beyneu,32.0,KZ,1551980396,69.0,39.5,5.06,44.6432781408744,54.26179188454762
558,maykain,,,,,,,50.873613590172056,75.66052415848435
559,yellamanchili,,,,,,,16.94789191958826,83.14066020301954
560,dunedin,20.0,NZ,1551980011,81.0,52.0,3.0,-51.67022421724434,174.92682670882215
561,san policarpo,12.0,PH,1551980397,94.0,75.77,7.85,12.412387674386736,128.25340758468047
562,kyabram,48.0,AU,1551980302,45.0,54.0,2.59,-36.352706229356755,145.2797706505409
563,aksu,0.0,KZ,1551978000,92.0,21.2,8.95,39.50150964849854,81.88749570499436
564,miri,32.0,NG,1551980398,31.0,82.97,3.83,4.240408939081931,114.13079219854609
565,yaring,0.0,TH,1551980398,88.0,70.82,2.71,7.564140428175236,101.36833171259497
566,isangel,64.0,VU,1551980398,100.0,81.75,9.19,-19.78146454534115,178.78459905833836
567,tumannyy,,,,,,,85.17026841828826,40.08541540435709
568,coihaique,20.0,CL,1551978000,46.0,57.2,9.17,-48.002334945829695,-75.35393728801341
569,hay river,20.0,CA,1551978000,71.0,8.6,3.36,60.246940499419395,-115.40600983310475
570,camara de lobos,20.0,PT,1551980290,68.0,64.4,5.82,32.30453666867524,-16.9734921250259
571,grindavik,20.0,IS,1551980356,69.0,37.0,6.93,52.08297030039935,-25.682606662206325
572,turka,8.0,UA,1551980017,54.0,55.0,11.01,53.5406589639926,108.07809965763363
573,denpasar,92.0,ID,1551980159,100.0,70.05,3.04,-12.54254943090126,115.0147513150481
574,kulhudhuffushi,88.0,MV,1551980400,100.0,82.43,1.7,7.31336115996686,63.26004315289461
575,soller,40.0,DE,1551980392,61.0,51.01,11.41,40.04257432543949,2.765320097371216
576,mata,75.0,CU,1551977460,53.0,77.0,14.99,20.861513833645944,111.9202401831622
577,markivka,24.0,UA,1551980401,76.0,16.55,8.86,49.126372986325066,39.51216425756664
578,kiruna,64.0,SE,1551979200,78.0,10.4,4.05,66.2356300085084,19.492264188066514
579,mabaruma,64.0,GY,1551980402,70.0,83.91,7.74,7.926637110715745,-60.512223105107935
580,isparta,0.0,TR,1551979200,31.0,46.4,6.93,38.09023823097854,30.61517290036059
581,mahibadhoo,20.0,MV,1551980403,100.0,83.33,3.38,4.205901229198943,63.467942450078226
582,ixtapa,5.0,MX,1551980107,61.0,79.0,6.93,1.738381733879038,-108.88599822172242
583,essex,75.0,US,1551980156,34.0,39.2,11.41,42.298126965401934,-82.77672583706725
584,amuntai,64.0,ID,1551980403,95.0,73.2,1.59,-2.3096205906578575,114.62977654511099
585,luleburgaz,0.0,TR,1551979200,50.0,50.0,1.12,41.50071858956298,27.538445888771406
586,lata,0.0,IN,1551980404,92.0,30.09,2.71,-8.40679224626173,168.86506638983383
587,mocuba,80.0,MZ,1551980404,97.0,72.17,1.81,-18.069555059102072,38.576660779992324
588,shache,12.0,CN,1551980360,41.0,39.0,1.99,37.72029638221298,80.26519459190371
589,san cristobal,75.0,EC,1551979891,49.0,71.6,9.17,-7.645122528452845,-91.41373811472057
590,laguna,40.0,MX,1551977280,31.0,77.0,3.49,-33.84364074066623,-41.81890309423554
591,fort nelson,20.0,CA,1551978000,77.0,1.4,8.05,59.359771052073,-125.84294149848418
592,mukdahan,80.0,TH,1551980406,63.0,80.72,1.25,16.706335781979547,104.52926180703929
593,koutsouras,0.0,GR,1551980006,82.0,57.99,1.01,34.76909775311461,25.931043481767375
594,ipu,20.0,BR,1551980253,78.0,79.95,3.94,-4.401747826541907,-40.955544595756294
595,iberia,0.0,PE,1551980407,57.0,91.2,3.04,-10.412468869071859,-70.5408991008364
596,tura,0.0,IN,1551980407,68.0,56.6,4.38,66.26225140599848,105.05577999498053
597,trofors,40.0,NO,1551979200,63.0,28.4,2.24,65.32834489203924,14.220332293716694
